sitemap_index_file,child_sitemap_url,child_sitemap_lastmod,child_sitemap_file
sitemapindex.xml,https://www.jpost.com/jpgooglesitemap/0_SiteMap_Articles_1-40000.xml.gz,,0_SiteMap_Articles_1-40000.xml.gz
sitemapindex.xml,https://www.jpost.com/jpgooglesitemap/10_SiteMap_Articles_400001-440000.xml.gz,,10_SiteMap_Articles_400001-440000.xml.gz
sitemapindex.xml,https://www.jpost.com/jpgooglesitemap/11_SiteMap_Articles_440001-480000.xml.gz,,11_SiteMap_Articles_440001-480000.xml.gz
sitemapindex.xml,https://www.jpost.com/jpgooglesitemap/12_SiteMap_Articles_480001-520000.xml.gz,,12_SiteMap_Articles_480001-520000.xml.gz
sitemapindex.xml,https://www.jpost.com/jpgooglesitemap/13_SiteMap_Articles_520001-560000.xml.gz,,13_SiteMap_Articles_520001-560000.xml.gz
sitemapindex.xml,https://www.jpost.com/jpgooglesitemap/14_SiteMap_Articles_560001-600000.xml.gz,,14_SiteMap_Articles_560001-600000.xml.gz
sitemapindex.xml,https://www.jpost.com/jpgooglesitemap/15_SiteMap_Articles_600001-640000.xml.gz,,15_SiteMap_Articles_600001-640000.xml.gz
sitemapindex.xml,https://www.jpost.com/jpgooglesitemap/16_SiteMap_Articles_640001-680000.xml.gz,,16_SiteMap_Articles_640001-680000.xml.gz
sitemapindex.xml,https://www.jpost.com/jpgooglesitemap/17_SiteMap_Articles_680001-720000.xml.gz,,17_SiteMap_Articles_680001-720000.xml.gz
sitemapindex.xml,https://www.jpost.com/jpgooglesitemap/18_SiteMap_Articles_720001-760000.xml.gz,,18_SiteMap_Articles_720001-760000.xml.gz
sitemapindex.xml,https://www.jpost.com/jpgooglesitemap/19_SiteMap_Articles_760001-800000.xml.gz,,19_SiteMap_Articles_760001-800000.xml.gz
sitemapindex.xml,https://www.jpost.com/jpgooglesitemap/1_SiteMap_Articles_40001-80000.xml.gz,,1_SiteMap_Articles_40001-80000.xml.gz
sitemapindex.xml,https://www.jpost.com/jpgooglesitemap/20_SiteMap_Articles_800001-840000.xml.gz,,20_SiteMap_Articles_800001-840000.xml.gz
sitemapindex.xml,https://www.jpost.com/jpgooglesitemap/21_SiteMap_Articles_840001-880000.xml.gz,,21_SiteMap_Articles_840001-880000.xml.gz
sitemapindex.xml,https://www.jpost.com/jpgooglesitemap/22_SiteMap_Articles_880001-920000.xml.gz,,22_SiteMap_Articles_880001-920000.xml.gz
sitemapindex.xml,https://www.jpost.com/jpgooglesitemap/23_SiteMap_Categories.xml.gz,,23_SiteMap_Categories.xml.gz
sitemapindex.xml,https://www.jpost.com/jpgooglesitemap/24_SiteMap_Experts.xml.gz,,24_SiteMap_Experts.xml.gz
sitemapindex.xml,https://www.jpost.com/jpgooglesitemap/25_SiteMap_Tags.xml.gz,,25_SiteMap_Tags.xml.gz
sitemapindex.xml,https://www.jpost.com/jpgooglesitemap/26_SiteMap_LandedPages.xml.gz,,26_SiteMap_LandedPages.xml.gz
sitemapindex.xml,https://www.jpost.com/jpgooglesitemap/27_SiteMap_ConferencePages.xml.gz,,27_SiteMap_ConferencePages.xml.gz
sitemapindex.xml,https://www.jpost.com/jpgooglesitemap/2_SiteMap_Articles_80001-120000.xml.gz,,2_SiteMap_Articles_80001-120000.xml.gz
sitemapindex.xml,https://www.jpost.com/jpgooglesitemap/3_SiteMap_Articles_120001-160000.xml.gz,,3_SiteMap_Articles_120001-160000.xml.gz
sitemapindex.xml,https://www.jpost.com/jpgooglesitemap/4_SiteMap_Articles_160001-200000.xml.gz,,4_SiteMap_Articles_160001-200000.xml.gz
sitemapindex.xml,https://www.jpost.com/jpgooglesitemap/5_SiteMap_Articles_200001-240000.xml.gz,,5_SiteMap_Articles_200001-240000.xml.gz
sitemapindex.xml,https://www.jpost.com/jpgooglesitemap/6_SiteMap_Articles_240001-280000.xml.gz,,6_SiteMap_Articles_240001-280000.xml.gz
sitemapindex.xml,https://www.jpost.com/jpgooglesitemap/7_SiteMap_Articles_280001-320000.xml.gz,,7_SiteMap_Articles_280001-320000.xml.gz
sitemapindex.xml,https://www.jpost.com/jpgooglesitemap/8_SiteMap_Articles_320001-360000.xml.gz,,8_SiteMap_Articles_320001-360000.xml.gz
sitemapindex.xml,https://www.jpost.com/jpgooglesitemap/9_SiteMap_Articles_360001-400000.xml.gz,,9_SiteMap_Articles_360001-400000.xml.gz
